,voter_id,Name,Gender,Zone,City,Passw,hasVoted
0,10001,Deep,Male,West,Gandhinagar,abcd,1
1,10002,Prachi,Female,South,Surat,abcd,0
2,10003,Het,Male,East,Surat,abcd,0
3,10004,Shivanshi,Female,East,Gandhinagar,abcd,0
4,10005,Rohan,Male,North,Bengaluru,abcd,0
5,10006,Anitej,Male,Uttar Pradesh,Kanpur,123456,1
6,10007,Prem,Male,West Bengal,Siliguri,123456,1
7,10008,Prem Jr.,Transgender,Bangladesh,Dhaka,123456,1
8,10009,Anitej,Male,Uttar Pradesh,Kanpur,123456,1
9,10010,Preeti,Female,Tamil Nadu,Chennai,123456,1
10,10011,Harshit,Male,Uttar Pradesh,Khurja,123456,1
11,10012,Prem III,Male,West Bengal,Siliguri,123456,1
12,10013,Annabeth,Female,USA,New York,123456,1
